[
  {
    "PostContent": "The all-new Things. Your to-do list.",
    "UserId": 1
  },
  {
    "PostContent": "Best Song Ever: I Got You (I Feel Good) by James Brown.",
    "UserId": 2
  },
  {
    "PostContent": "Google: Share interesting customer stories",
    "UserId": 4
  },
  {
    "PostContent": "Show people what is happening...",
    "UserId": 3
  },
  {
    "PostContent": "Increase followers with giveaways",
    "UserId": 7
  },
  {
    "PostContent": "Share your expertise",
    "UserId": 5
  },
  {
    "PostContent": "Involve your fans and let them get creative",
    "UserId": 6
  }
]